id,name,quality
50274,Shadowfrost Shard,legendary
50709," Bryntroll, the Bone Arbiter",epic
50608, Frozen Bonespike,epic
50614, Loop of the Endless Labyrinth,epic
49908, Primordial Saronite,rare
50609, Bone Sentinel's Amulet,epic
50616, Bulwark of Smouldering Steel,epic
50604, Band of the Bone Colossus,epic
50613, Crushing Coldwraith Belt,epic
50607, Frostbitten Fur Boots,epic
50611, Bracers of Dark Reckoning,epic
50606, Gendarme's Cuirass,epic
50612, Legguards of Lost Hope,epic
50610, Marrowgar's Frigid Eye,epic
50617, Rusted Bonespike Pauldrons,epic
50605, Snowserpent Mail Helm,epic
50615, Handguards of Winter's Respite,epic
50648, Nibelung,epic
50638, Zod's Repeating Longbow,epic
50646, Cultist's Bloodsoaked Spaulders,epic
50651, The Lady's Brittle Bracers,epic
50639, Blood-Soaked Saronite Stompers,epic
50641, Heartpierce,epic
50647, Ahn'kahar Onyx Neckguard,epic
50644, Ring of Maddening Whispers,epic
50643, Shoulders of Mercy Killing,epic
50645, Leggings of Northern Lights,epic
50650, Fallen Lord's Handguards,epic
50652, Necrophotic Greaves,epic
50649, Deathwhisper Raiment,epic
50642, Juggernaut Band,epic
50640, Broken Ram Skull Helm,epic
52025,Vanquisher's Mark of Sanctification,epic
52026, Protector's Mark of Sanctification,epic
52027, Conqueror's Mark of Sanctification,epic
52028, Vanquisher's Mark of Sanctification,epic
52029, Protector's Mark of Sanctification,epic
52030, Conqueror's Mark of Sanctification,epic
50363, Deathbringer's Will,epic
49908, Primordial Saronite,epic
50672, Bloodvenom Blade,epic
50668, Greatcloak of the Turned Champion,epic
50670, Toskk's Maximized Wristguards,epic
50671, Belt of the Blood Nova,epic
50226,Festergut's Acidic Blood,epic
50695, Distant Land,epic
50699, Plague Scientist's Boots,epic
50694, Plaguebringer's Stained Pants,epic
50697, Gangrenous Leggings,epic
50700, Holiday's Grace,epic
50692, Black Bruise,epic
50701, Faceplate of the Forgotten,epic
50690, Fleshrending Gauntlets,epic
50702, Lingering Illness,epic
50703, Unclean Surgical Gloves,epic
50693, Might of Blight,epic
50688, Nerub'ar Stalker's Cord,epic
50689, Carapace of Forgotten Kings,epic
50698, Horrific Flesh Epaulets,epic
50696, Leather of Stitched Scourge Parts,epic
50691, Belt of Broken Bones,epic
50231,Rotface's Acidic Blood,epic
50678, Seal of Many Mouths,epic
50685, Trauma,epic
50348, Dislodged Foreign Object,epic
50682, Bile-Encrusted Medallion,epic
50673, Dual-Bladed Pauldrons,epic
50676, Rib Spreader,epic
50675, Aldriana's Gloves of Secrecy,epic
50674, Raging Behemoth's Shoulderplates,epic
50677, Winding Sheet,epic
50684, Corpse-Impaling Spike,epic
50681, Blightborne Warplate,epic
50679, Helm of the Elder Moon,epic
50680, Rot-Resistant Breastplate,epic
50687, Bloodsunder's Bracers,epic
50686, Death Surgeon's Sleeves,epic
50706, Tiny Abomination in a Jar,epic
50707, Astrylian's Sutured Cinch,epic
50704, Rigormortis,epic
50708, Last Word,epic
50705, Professor's Bloodied Smock,epic
50719, Shadow Silk Spindle,epic
50603, Cryptmaker,epic
50714, Valanar's Other Signet Ring,epic
50721, Crypt Keeper's Bracers,epic
50718, Royal Crimson Cloak,epic
50715, Shoulders of Frost-Tipped Thorns,epic
50713, Geistlord's Punishment Sack,epic
50710, Keleseth's Seducer,epic
50723, Mail of Crimson Coins,epic
50711, Treads of the Wasteland,epic
50720, Incarnadine Band of Mending,epic
50712, Landsoul's Horned Greathelm,epic
50717, Sanguine Silk Robes,epic
50716, Taldaram's Plated Fists,epic
50722, San'layn Ritualist Gloves,epic
50727, Bloodfall,epic
50724, Blood Queen's Crimson Choker,epic
50725, Dying Light,epic
50728, Lana'thel's Chain of Flagellation,epic
50726, Bauble of True Blood,epic
50729, Icecrown Glacial Wall,epic
50628,Frostbinder's Shredded Cape,epic
50624, Scourge Reaver's Legplates,epic
50618, Frostbrood Sapphire Ring,epic
50619, Anub'ar Stalker's Gloves,epic
50620, Coldwraith Links,epic
50631, Nightmare Ender,epic
50621, Lungbreaker,epic
50629, Robe of the Waking Nightmare,epic
50625, Grinning Skull Greatboots,epic
50627, Noose of Malachite,epic
50623, Leggings of Dying Candles,epic
50632, Boots of the Funeral March,epic
50626, Snowstorm Helm,epic
50630, Bracers of Eternal Dreaming,epic
50622, Devium's Eternally Cold Ring,epic
50633, Sindragosa's Cruel Claw,epic
50365, Phylactery of the Nameless Lich,epic
50364, Sindragosa's Flawless Fang,epic
50635, Sundial of Eternal Dusk,epic
50636, Memory of Malygos,epic
51027, Crystalline Essence of Sindragosa,common
50818, Invincible's Reins,epic
50730," Glorenzelg, High-Blade of the Silver Hand",epic
50737," Havoc's Call, Blade of Lordaeron Kings",epic
50731," Archus,  Greatstaff of Antonidas",epic
50733," Fal'inrush, Defender of Quel'thalas",epic
50734, Royal Scepter of Terenas II,epic
50735," Oathbinder, Charge of the Ranger-General",epic
50732," Bloodsurge, Kel'Thuzad's Blade of Agony",epic
50736," Heaven's Fall, Kryss of a Thousand Lies",epic
50738," Mithrios, Bronzebeard's Legacy",epic
51315, Sealed Chest,epic
