mob_id,item_id,drop_chance,min_quantity,max_quantity
36612,50274,65,,
36612,50709,30,,
36612,50608,30,,
36612,50614,28,,
36612,49908,25,,
36612,50609,21,,
36612,50616,21,,
36612,50604,19,,
36612,50613,18,,
36612,50607,16,,
36612,50611,15,,
36612,50606,14,,
36612,50612,14,,
36612,50610,14,,
36612,50617,14,,
36612,50605,14,,
36612,50615,13,,
36855,50274,62,,
36855,50648,31,,
36855,50638,28,,
36855,49908,24,,
36855,50646,21,,
36855,50651,21,,
36855,50639,20,,
36855,50641,20,,
36855,50647,19,,
36855,50644,19,,
36855,50643,19,,
36855,50645,18,,
36855,50650,16,,
36855,50652,15,,
36855,50649,14,,
36855,50642,14,,
36855,50640,13,,
37813,52025,53,,
37813,52026,44,,
37813,52027,41,,
37813,50274,34,,
37813,52028,31,,
37813,52029,28,,
37813,52030,23,,
37813,50363,22,,
37813,49908,17,,
37813,50672,17,,
37813,50668,15,,
37813,50670,15,,
37813,50671,11,,
36626,50226,89,,
36626,50274,65,,
36626,50695,30,,
36626,50699,25,,
36626,49908,23,,
36626,50694,19,,
36626,50697,18,,
36626,50700,18,,
36626,50692,17,,
36626,50701,17,,
36626,50690,17,,
36626,50702,17,,
36626,50703,17,,
36626,50693,16,,
36626,50688,16,,
36626,50689,15,,
36626,50698,13,,
36626,50696,13,,
36626,50691,11,,
36627,50231,92,,
36627,50274,61,,
36627,50678,28,,
36627,50685,26,,
36627,50348,24,,
36627,50682,22,,
36627,49908,21,,
36627,50673,19,,
36627,50676,19,,
36627,50675,18,,
36627,50674,18,,
36627,50677,18,,
36627,50684,17,,
36627,50681,14,,
36627,50679,14,,
36627,50680,14,,
36627,50687,12,,
36627,50686,11,,
36678,50274,96,1,2
36678,52025,59,,
36678,52027,50,,
36678,52026,48,,
36678,52028,44,,
36678,52029,35,,
36678,52030,33,,
36678,50706,26,,
36678,49908,22,,
36678,50707,19,,
36678,50704,18,,
36678,50708,17,,
36678,50705,12,,
37970,50274,69,,
37970,50719,34,,
37970,50603,33,,
37970,50714,32,,
37970,49908,23,,
37970,50721,17,,
37970,50718,17,,
37970,50715,17,,
37970,50713,16,,
37970,50710,16,,
37970,50723,16,,
37970,50711,16,,
37970,50720,15,,
37970,50712,15,,
37970,50717,15,,
37970,50716,15,,
37970,50722,14,,
37955,50274,94,1,2
37955,52025,59,,
37955,52026,50,,
37955,52027,47,,
37955,52028,42,,
37955,52030,34,,
37955,52029,33,,
37955,49908,22,,
37955,50727,20,,
37955,50724,18,,
37955,50725,17,,
37955,50728,13,,
37955,50726,12,,
37955,50729,12,,
36789,50628,26,,
36789,50274,24,,
36789,50624,20,,
36789,50618,18,,
36789,50619,17,,
36789,50620,16,,
36789,50631,15,,
36789,49908,14,,
36789,50621,14,,
36789,50629,14,,
36789,50625,13,,
36789,50627,13,,
36789,50623,12,,
36789,50632,11,,
36789,50626,11,,
36789,50630,9,,
36789,50622,7,,
36853,50274,85,1,2
36853,52025,58,,
36853,52026,49,,
36853,52028,44,,
36853,52027,43,,
36853,52030,33,,
36853,52029,31,,
36853,49908,23,,
36853,50633,22,,
36853,50365,20,,
36853,50364,17,,
36853,50635,16,,
36853,50636,14,,
36853,51027,0.9,,
36597,50274,91,1,2
36597,50818,80,,
36597,52025,58,,
36597,52028,48,,
36597,52027,45,,
36597,52026,45,,
36597,52029,40,,
36597,52030,38,,
36597,50730,26,,
36597,49908,22,,
36597,50737,21,,
36597,50731,19,,
36597,50733,19,,
36597,50734,19,,
36597,50735,18,,
36597,50732,14,,
36597,50736,14,,
36597,50738,13,,
36597,51315,1.2,,
